Workbook

Sheet הוראות
A1: מדידת ספיקה ומהירות — הוראות שימוש בקובץ
A3: צבעים
B4: תאים צהובים = קלט (מזינים נתונים בזמן הניסוי). תאים ירוקים = מחושב אוטומטית, אין לערוך.
A5: סדר העבודה
A6: 1. | B6: מלאו את גיליון Setup: קבועים, קטרים (Dmax/Dmin) וספיקת מקסימום משוערת לכל מדיד.
A7: 2. | B7: גיליון Rotameter: רשמו את כיול הרוטמטר (10 נק' בתנאי אטמוספירה, 5 נק' בלחץ אבסולוטי משתנה).
A8: 3. | B8: בכל אחד מהגיליונות Venturi / Diaphragm / Nozzle: עמודה C מציגה ספיקת מטרה מחושבת (Qmax/10 × נקודה) להנחיה בזמן הניסוי — לפי Qmax שהוגדר ב-Setup. בעמודה D הזינו את הפרש הגבהים שנמדד בפועל במנומטר Δh [m], ובעמודה I את הספיקה המתאימה שנקראה מהרוטמטר [L/min]. כל שאר העמודות (ΔP, Q_ideal, שגיאות, Re, מקדם C) מחושבות אוטומטית.
A9: 4. | B9: גיליון Pitot: לכל נקודה הזינו Δh של מדיד הפיטו וכן את הספיקה שנקראה במקביל מהרוטמטר (עמודה K). שלוש שיטות החישוב למהירות (ברנולי, פרופיל 1/7, רוטמטר) ומספר ריינולדס מחושבים אוטומטית.
A10: 5. | B10: גיליון Summary_QvQ מאחד את Qideal/Qreal משלושת המדידים להכנת גרף הספיקה האמיתית כתלות באידאלית (השיפוע = מקדם C).
A11: הערות חשובות
B12: מקדם השגיאה הקבוע על הפרש הגבהים (Δh_err) ושגיאת הקוטר (D_err) מוגדרים בגיליון Setup וניזונים אוטומטית לכל הנוסחאות.
B13: שגיאת הספיקה הנמדדת (מהרוטמטר) קבועה ומוגדרת בגיליון Setup לפי דיוק מד הספיקה המסי.
B14: הגרפים עצמם (כיול ספיקה, כיול מהירות, C כתלות ב-Re, Qreal=f(Qideal)) יש להפיק ב-Excel/Matlab/Python מתוך הטבלאות הירוקות — הקובץ מכין את כל הנתונים והשגיאות הדרושים לכך.

Sheet Setup
A1: מדידת ספיקה ומהירות — קבועים והגדרות (Setup)
B3: צבע = קלט (להזין)
B4: צבע = מחושב (לא לערוך)
A6: קבועי סביבה / נוזלים
B7: פרמטר | C7: ערך | D7: יחידות
B8: צפיפות אוויר ρ_air | C8: 1.184 | D8: kg/m³
B9: צפיפות מים ρ_water | C9: 1000 | D9: kg/m³
B10: תאוצת הכובד g | C10: 9.81 | D10: m/s²
B11: צמיגות דינמית אוויר μ_air | C11: 1.837e-05 | D11: kg/(m·s)
B12: שגיאת קריאת מנומטר Δh (קבועה) | C12: 0.0005 | D12: m
B13: שגיאת קוטר ΔD (כל הקטרים) | C13: 0.0001 | D13: m
B14: שגיאת ספיקה נמדדת (רוטמטר) ΔQ_real (לא בשימוש — ראה מפרט LDN למטה) | C14: 0.5 | D14: L/min
B15: שגיאת קריאת לחץ גיי׳גי [bar] | C15: 0.01 | D15: Bar
A16: קטרים — לכל מדיד (D_max משותף לכולם, D_min שונה)
B17: מדיד | C17: D_max [mm] | D17: D_min [mm]
B18: צינור ונטורי (Venturi) | C18: 12 | D18: 6
B19: דיאפרגמה (Diaphragm) | C19: 12 | D19: 6
B20: נחיר (Nozzle) | C20: 12 | D20: 6
B21: פיטו (Pitot) — D_max=קוטר צינור | C21: 12 | D21: 3
A23: ספיקה מקסימלית לכל מדיד (לקביעת 10 צעדי מדידה שווים)
B24: מדיד | C24: Q_max [L/min]
B25: צינור ונטורי | C25: 140
B26: דיאפרגמה | C26: 105
B27: נחיר | C27: 150
B28: פיטו | C28: 220
B30: הערה: שינוי ערך כאן יתעדכן אוטומטית בכל גיליונות המדידים והגרפים.
B32: מפרט מד הספיקה LDN 1009 GAPL (שגיאת ספיקה אמיתית ΔQ_real)
B33: שגיאה מהקריאה (חלק מהערך הנמדד) | C33: 0.04 | D33: -
B34: שגיאה מערך קצה הטווח (חלק מ-FS) | C34: 0.005 | D34: -
B35: ערך קצה הטווח FS | C35: 250 | D35: L/min
B36: שגיאת חזרתיות (חלק) | C36: 0.02 | D36: -

Sheet Rotameter
A1: כיול רוטמטר (3.5.1) — תנאי לחץ אטמוספיריים
B3: נק' עבודה | C3: קריאת רוטמטר [%/מאפס] | D3: ספיקה ממד הספיקה המסי [L/min] | E3: קריאת רוטמטר [cm]
B4: 1 | C4: 10 | D4: 25 | E4: 1.3 | J4: 1 | K4: 1.3 | L4: 25
B5: 2 | C5: 20 | D5: 41 | E5: 2.6 | J5: 2 | K5: 2.6 | L5: 41
B6: 3 | C6: 30 | D6: 55 | E6: 3.9 | J6: 3 | K6: 3.9 | L6: 55
B7: 4 | C7: 40 | D7: 72.5 | E7: 5.2 | J7: 4 | K7: 5.2 | L7: 72.5
B8: 5 | C8: 50 | D8: 90.5 | E8: 6.5 | J8: 5 | K8: 6.5 | L8: 90.5
B9: 6 | C9: 60 | D9: 109.5 | E9: 7.8 | J9: 6 | K9: 7.8 | L9: 109.5
B10: 7 | C10: 70 | D10: 127.5 | E10: 9.1 | J10: 7 | K10: 9.1 | L10: 127.5
B11: 8 | C11: 80 | D11: 147 | E11: 10.4 | J11: 8 | K11: 10.4 | L11: 147
B12: 9 | C12: 90 | D12: 165 | E12: 11.7 | J12: 9 | K12: 11.7 | L12: 165
B13: 10 | C13: 100 | D13: 193.5 | E13: 13 | J13: 10 | K13: 13 | L13: 193.5
A15: כיול רוטמטר (3.5.2) — ספיקה קבועה, לחץ אבסולוטי משתנה (1–2.5 bar_a), עד 70 L/min
B16: נק' עבודה | C16: לחץ גייג׳י P0 [bar_a] | D16: קריאת רוטמטר [cm] | E16: ספיקה קבועה ממד הספיקה המסי [L/min]
B17: 1 | C17: 0.3 | D17: 3.3 | E17: 55
B18: 2 | C18: 0.6 | D18: 2.8 | E18: 55
B19: 3 | C19: 0.9 | D19: 2.4 | E19: 55
B20: 4 | C20: 1.2 | D20: 2.1 | E20: 55
B21: 5 | C21: 1.5 | D21: 1.9 | E21: 55
B23: הערה: הגרף לחלק 3.5.2 (ספיקת רוטמטר מנורמלת מול √(P0/Pi)) והשיפוע מבוצעים בגיליון Charts, על בסיס משוואת הכיול מ-3.5.1.

Sheet Venturi
A1: מדיד צינור ונטורי (Venturi) — נתוני מדידה וניתוח
B3: נק' | C3: ספיקת מטרה (לפי Qmax/10) [L/min] | D3: Δh נמדד [m] | E3: ΔP [Pa] | F3: ΔP_err [Pa] | G3: Q_ideal [L/min] | H3: Q_ideal_err [L/min] | I3: Q_real [L/min] | J3: Q_real_err [L/min] | K3: Re | L3: Re_err | O3: ∂Qi/∂Dmin | P3: ∂Qi/∂P | Q3: Q_ideal_err
B4: 1 | C4: =(1/10)*Setup!$C$25 | D4: =((I17-31)*2)/100 | E4: =IF($D4="","",Setup!$C$9*Setup!$C$10*$D4) | F4: =IF($D4="","",Setup!$C$9*Setup!$C$10*Setup!$C$12) | G4: =IF($D4="","",(PI()*(Setup!$D$18/1000)^2/4)/SQRT(1-(((Setup!$D$18/1000)^2)/((Setup!$C$18/1000)^2))^2)*SQRT(2*$E4/Setup!$C$8)*60000) | H4: =Q4 | I4: 14 | J4: =IF($I4="","",SQRT((Setup!$C$33*$I4)^2+(Setup!$C$34*Setup!$C$35)^2+(Setup!$C$36*$I4)^2)) | K4: =IF($D4="","",(Setup!$C$18/1000)*SQRT(2*Setup!$C$8*$E4)/Setup!$C$11) | L4: =IF($D4="","",SQRT(((Setup!$C$18/1000)/Setup!$C$11*SQRT(2*Setup!$C$8)*(0.5/SQRT($E4))*$F4)^2+(SQRT(2*Setup!$C$8*$E4)/Setup!$C$11*Setup!$C$13)^2)) | O4: =IF($D4="","",30000*SQRT(2)*PI()*(Setup!$C$18/1000)^6*(Setup!$D$18/1000)*SQRT($E4)/(SQRT(Setup!$C$8)*((Setup!$C$18/1000)^4-(Setup!$D$18/1000)^4)^1.5)) | P4: =IF($D4="","",7500*SQRT(2)*PI()*(Setup!$C$18/1000)^2*(Setup!$D$18/1000)^2/(SQRT($E4)*SQRT(Setup!$C$8)*SQRT((Setup!$C$18/1000)^4-(Setup!$D$18/1000)^4))) | Q4: =IF($D4="","",SQRT((O4*Setup!$C$13)^2+(P4*$F4)^2))
B5: 2 | C5: =(2/10)*Setup!$C$25 | D5: =((I18-31)*2)/100 | E5: =IF($D5="","",Setup!$C$9*Setup!$C$10*$D5) | F5: =IF($D5="","",Setup!$C$9*Setup!$C$10*Setup!$C$12) | G5: =IF($D5="","",(PI()*(Setup!$D$18/1000)^2/4)/SQRT(1-(((Setup!$D$18/1000)^2)/((Setup!$C$18/1000)^2))^2)*SQRT(2*$E5/Setup!$C$8)*60000) | H5: =Q5 | I5: 28 | J5: =IF($I5="","",SQRT((Setup!$C$33*$I5)^2+(Setup!$C$34*Setup!$C$35)^2+(Setup!$C$36*$I5)^2)) | K5: =IF($D5="","",(Setup!$C$18/1000)*SQRT(2*Setup!$C$8*$E5)/Setup!$C$11) | L5: =IF($D5="","",SQRT(((Setup!$C$18/1000)/Setup!$C$11*SQRT(2*Setup!$C$8)*(0.5/SQRT($E5))*$F5)^2+(SQRT(2*Setup!$C$8*$E5)/Setup!$C$11*Setup!$C$13)^2)) | O5: =IF($D5="","",30000*SQRT(2)*PI()*(Setup!$C$18/1000)^6*(Setup!$D$18/1000)*SQRT($E5)/(SQRT(Setup!$C$8)*((Setup!$C$18/1000)^4-(Setup!$D$18/1000)^4)^1.5)) | P5: =IF($D5="","",7500*SQRT(2)*PI()*(Setup!$C$18/1000)^2*(Setup!$D$18/1000)^2/(SQRT($E5)*SQRT(Setup!$C$8)*SQRT((Setup!$C$18/1000)^4-(Setup!$D$18/1000)^4))) | Q5: =IF($D5="","",SQRT((O5*Setup!$C$13)^2+(P5*$F5)^2))
B6: 3 | C6: =(3/10)*Setup!$C$25 | D6: =((I19-31)*2)/100 | E6: =IF($D6="","",Setup!$C$9*Setup!$C$10*$D6) | F6: =IF($D6="","",Setup!$C$9*Setup!$C$10*Setup!$C$12) | G6: =IF($D6="","",(PI()*(Setup!$D$18/1000)^2/4)/SQRT(1-(((Setup!$D$18/1000)^2)/((Setup!$C$18/1000)^2))^2)*SQRT(2*$E6/Setup!$C$8)*60000) | H6: =Q6 | I6: 42 | J6: =IF($I6="","",SQRT((Setup!$C$33*$I6)^2+(Setup!$C$34*Setup!$C$35)^2+(Setup!$C$36*$I6)^2)) | K6: =IF($D6="","",(Setup!$C$18/1000)*SQRT(2*Setup!$C$8*$E6)/Setup!$C$11) | L6: =IF($D6="","",SQRT(((Setup!$C$18/1000)/Setup!$C$11*SQRT(2*Setup!$C$8)*(0.5/SQRT($E6))*$F6)^2+(SQRT(2*Setup!$C$8*$E6)/Setup!$C$11*Setup!$C$13)^2)) | O6: =IF($D6="","",30000*SQRT(2)*PI()*(Setup!$C$18/1000)^6*(Setup!$D$18/1000)*SQRT($E6)/(SQRT(Setup!$C$8)*((Setup!$C$18/1000)^4-(Setup!$D$18/1000)^4)^1.5)) | P6: =IF($D6="","",7500*SQRT(2)*PI()*(Setup!$C$18/1000)^2*(Setup!$D$18/1000)^2/(SQRT($E6)*SQRT(Setup!$C$8)*SQRT((Setup!$C$18/1000)^4-(Setup!$D$18/1000)^4))) | Q6: =IF($D6="","",SQRT((O6*Setup!$C$13)^2+(P6*$F6)^2))
B7: 4 | C7: =(4/10)*Setup!$C$25 | D7: =((I20-31)*2)/100 | E7: =IF($D7="","",Setup!$C$9*Setup!$C$10*$D7) | F7: =IF($D7="","",Setup!$C$9*Setup!$C$10*Setup!$C$12) | G7: =IF($D7="","",(PI()*(Setup!$D$18/1000)^2/4)/SQRT(1-(((Setup!$D$18/1000)^2)/((Setup!$C$18/1000)^2))^2)*SQRT(2*$E7/Setup!$C$8)*60000) | H7: =Q7 | I7: 56 | J7: =IF($I7="","",SQRT((Setup!$C$33*$I7)^2+(Setup!$C$34*Setup!$C$35)^2+(Setup!$C$36*$I7)^2)) | K7: =IF($D7="","",(Setup!$C$18/1000)*SQRT(2*Setup!$C$8*$E7)/Setup!$C$11) | L7: =IF($D7="","",SQRT(((Setup!$C$18/1000)/Setup!$C$11*SQRT(2*Setup!$C$8)*(0.5/SQRT($E7))*$F7)^2+(SQRT(2*Setup!$C$8*$E7)/Setup!$C$11*Setup!$C$13)^2)) | O7: =IF($D7="","",30000*SQRT(2)*PI()*(Setup!$C$18/1000)^6*(Setup!$D$18/1000)*SQRT($E7)/(SQRT(Setup!$C$8)*((Setup!$C$18/1000)^4-(Setup!$D$18/1000)^4)^1.5)) | P7: =IF($D7="","",7500*SQRT(2)*PI()*(Setup!$C$18/1000)^2*(Setup!$D$18/1000)^2/(SQRT($E7)*SQRT(Setup!$C$8)*SQRT((Setup!$C$18/1000)^4-(Setup!$D$18/1000)^4))) | Q7: =IF($D7="","",SQRT((O7*Setup!$C$13)^2+(P7*$F7)^2))
B8: 5 | C8: =(5/10)*Setup!$C$25 | D8: =((I21-31)*2)/100 | E8: =IF($D8="","",Setup!$C$9*Setup!$C$10*$D8) | F8: =IF($D8="","",Setup!$C$9*Setup!$C$10*Setup!$C$12) | G8: =IF($D8="","",(PI()*(Setup!$D$18/1000)^2/4)/SQRT(1-(((Setup!$D$18/1000)^2)/((Setup!$C$18/1000)^2))^2)*SQRT(2*$E8/Setup!$C$8)*60000) | H8: =Q8 | I8: 70 | J8: =IF($I8="","",SQRT((Setup!$C$33*$I8)^2+(Setup!$C$34*Setup!$C$35)^2+(Setup!$C$36*$I8)^2)) | K8: =IF($D8="","",(Setup!$C$18/1000)*SQRT(2*Setup!$C$8*$E8)/Setup!$C$11) | L8: =IF($D8="","",SQRT(((Setup!$C$18/1000)/Setup!$C$11*SQRT(2*Setup!$C$8)*(0.5/SQRT($E8))*$F8)^2+(SQRT(2*Setup!$C$8*$E8)/Setup!$C$11*Setup!$C$13)^2)) | O8: =IF($D8="","",30000*SQRT(2)*PI()*(Setup!$C$18/1000)^6*(Setup!$D$18/1000)*SQRT($E8)/(SQRT(Setup!$C$8)*((Setup!$C$18/1000)^4-(Setup!$D$18/1000)^4)^1.5)) | P8: =IF($D8="","",7500*SQRT(2)*PI()*(Setup!$C$18/1000)^2*(Setup!$D$18/1000)^2/(SQRT($E8)*SQRT(Setup!$C$8)*SQRT((Setup!$C$18/1000)^4-(Setup!$D$18/1000)^4))) | Q8: =IF($D8="","",SQRT((O8*Setup!$C$13)^2+(P8*$F8)^2))
B9: 6 | C9: =(6/10)*Setup!$C$25 | D9: =((I22-31)*2)/100 | E9: =IF($D9="","",Setup!$C$9*Setup!$C$10*$D9) | F9: =IF($D9="","",Setup!$C$9*Setup!$C$10*Setup!$C$12) | G9: =IF($D9="","",(PI()*(Setup!$D$18/1000)^2/4)/SQRT(1-(((Setup!$D$18/1000)^2)/((Setup!$C$18/1000)^2))^2)*SQRT(2*$E9/Setup!$C$8)*60000) | H9: =Q9 | I9: 84 | J9: =IF($I9="","",SQRT((Setup!$C$33*$I9)^2+(Setup!$C$34*Setup!$C$35)^2+(Setup!$C$36*$I9)^2)) | K9: =IF($D9="","",(Setup!$C$18/1000)*SQRT(2*Setup!$C$8*$E9)/Setup!$C$11) | L9: =IF($D9="","",SQRT(((Setup!$C$18/1000)/Setup!$C$11*SQRT(2*Setup!$C$8)*(0.5/SQRT($E9))*$F9)^2+(SQRT(2*Setup!$C$8*$E9)/Setup!$C$11*Setup!$C$13)^2)) | O9: =IF($D9="","",30000*SQRT(2)*PI()*(Setup!$C$18/1000)^6*(Setup!$D$18/1000)*SQRT($E9)/(SQRT(Setup!$C$8)*((Setup!$C$18/1000)^4-(Setup!$D$18/1000)^4)^1.5)) | P9: =IF($D9="","",7500*SQRT(2)*PI()*(Setup!$C$18/1000)^2*(Setup!$D$18/1000)^2/(SQRT($E9)*SQRT(Setup!$C$8)*SQRT((Setup!$C$18/1000)^4-(Setup!$D$18/1000)^4))) | Q9: =IF($D9="","",SQRT((O9*Setup!$C$13)^2+(P9*$F9)^2))
B10: 7 | C10: =(7/10)*Setup!$C$25 | D10: =((I23-31)*2)/100 | E10: =IF($D10="","",Setup!$C$9*Setup!$C$10*$D10) | F10: =IF($D10="","",Setup!$C$9*Setup!$C$10*Setup!$C$12) | G10: =IF($D10="","",(PI()*(Setup!$D$18/1000)^2/4)/SQRT(1-(((Setup!$D$18/1000)^2)/((Setup!$C$18/1000)^2))^2)*SQRT(2*$E10/Setup!$C$8)*60000) | H10: =Q10 | I10: 98 | J10: =IF($I10="","",SQRT((Setup!$C$33*$I10)^2+(Setup!$C$34*Setup!$C$35)^2+(Setup!$C$36*$I10)^2)) | K10: =IF($D10="","",(Setup!$C$18/1000)*SQRT(2*Setup!$C$8*$E10)/Setup!$C$11) | L10: =IF($D10="","",SQRT(((Setup!$C$18/1000)/Setup!$C$11*SQRT(2*Setup!$C$8)*(0.5/SQRT($E10))*$F10)^2+(SQRT(2*Setup!$C$8*$E10)/Setup!$C$11*Setup!$C$13)^2)) | O10: =IF($D10="","",30000*SQRT(2)*PI()*(Setup!$C$18/1000)^6*(Setup!$D$18/1000)*SQRT($E10)/(SQRT(Setup!$C$8)*((Setup!$C$18/1000)^4-(Setup!$D$18/1000)^4)^1.5)) | P10: =IF($D10="","",7500*SQRT(2)*PI()*(Setup!$C$18/1000)^2*(Setup!$D$18/1000)^2/(SQRT($E10)*SQRT(Setup!$C$8)*SQRT((Setup!$C$18/1000)^4-(Setup!$D$18/1000)^4))) | Q10: =IF($D10="","",SQRT((O10*Setup!$C$13)^2+(P10*$F10)^2))
B11: 8 | C11: =(8/10)*Setup!$C$25 | D11: =((I24-31)*2)/100 | E11: =IF($D11="","",Setup!$C$9*Setup!$C$10*$D11) | F11: =IF($D11="","",Setup!$C$9*Setup!$C$10*Setup!$C$12) | G11: =IF($D11="","",(PI()*(Setup!$D$18/1000)^2/4)/SQRT(1-(((Setup!$D$18/1000)^2)/((Setup!$C$18/1000)^2))^2)*SQRT(2*$E11/Setup!$C$8)*60000) | H11: =Q11 | I11: 112 | J11: =IF($I11="","",SQRT((Setup!$C$33*$I11)^2+(Setup!$C$34*Setup!$C$35)^2+(Setup!$C$36*$I11)^2)) | K11: =IF($D11="","",(Setup!$C$18/1000)*SQRT(2*Setup!$C$8*$E11)/Setup!$C$11) | L11: =IF($D11="","",SQRT(((Setup!$C$18/1000)/Setup!$C$11*SQRT(2*Setup!$C$8)*(0.5/SQRT($E11))*$F11)^2+(SQRT(2*Setup!$C$8*$E11)/Setup!$C$11*Setup!$C$13)^2)) | O11: =IF($D11="","",30000*SQRT(2)*PI()*(Setup!$C$18/1000)^6*(Setup!$D$18/1000)*SQRT($E11)/(SQRT(Setup!$C$8)*((Setup!$C$18/1000)^4-(Setup!$D$18/1000)^4)^1.5)) | P11: =IF($D11="","",7500*SQRT(2)*PI()*(Setup!$C$18/1000)^2*(Setup!$D$18/1000)^2/(SQRT($E11)*SQRT(Setup!$C$8)*SQRT((Setup!$C$18/1000)^4-(Setup!$D$18/1000)^4))) | Q11: =IF($D11="","",SQRT((O11*Setup!$C$13)^2+(P11*$F11)^2))
B12: 9 | C12: =(9/10)*Setup!$C$25 | D12: =((I25-31)*2)/100 | E12: =IF($D12="","",Setup!$C$9*Setup!$C$10*$D12) | F12: =IF($D12="","",Setup!$C$9*Setup!$C$10*Setup!$C$12) | G12: =IF($D12="","",(PI()*(Setup!$D$18/1000)^2/4)/SQRT(1-(((Setup!$D$18/1000)^2)/((Setup!$C$18/1000)^2))^2)*SQRT(2*$E12/Setup!$C$8)*60000) | H12: =Q12 | I12: 126 | J12: =IF($I12="","",SQRT((Setup!$C$33*$I12)^2+(Setup!$C$34*Setup!$C$35)^2+(Setup!$C$36*$I12)^2)) | K12: =IF($D12="","",(Setup!$C$18/1000)*SQRT(2*Setup!$C$8*$E12)/Setup!$C$11) | L12: =IF($D12="","",SQRT(((Setup!$C$18/1000)/Setup!$C$11*SQRT(2*Setup!$C$8)*(0.5/SQRT($E12))*$F12)^2+(SQRT(2*Setup!$C$8*$E12)/Setup!$C$11*Setup!$C$13)^2)) | O12: =IF($D12="","",30000*SQRT(2)*PI()*(Setup!$C$18/1000)^6*(Setup!$D$18/1000)*SQRT($E12)/(SQRT(Setup!$C$8)*((Setup!$C$18/1000)^4-(Setup!$D$18/1000)^4)^1.5)) | P12: =IF($D12="","",7500*SQRT(2)*PI()*(Setup!$C$18/1000)^2*(Setup!$D$18/1000)^2/(SQRT($E12)*SQRT(Setup!$C$8)*SQRT((Setup!$C$18/1000)^4-(Setup!$D$18/1000)^4))) | Q12: =IF($D12="","",SQRT((O12*Setup!$C$13)^2+(P12*$F12)^2))
B13: 10 | C13: =(10/10)*Setup!$C$25 | D13: =((I26-31)*2)/100 | E13: =IF($D13="","",Setup!$C$9*Setup!$C$10*$D13) | F13: =IF($D13="","",Setup!$C$9*Setup!$C$10*Setup!$C$12) | G13: =IF($D13="","",(PI()*(Setup!$D$18/1000)^2/4)/SQRT(1-(((Setup!$D$18/1000)^2)/((Setup!$C$18/1000)^2))^2)*SQRT(2*$E13/Setup!$C$8)*60000) | H13: =Q13 | I13: 140 | J13: =IF($I13="","",SQRT((Setup!$C$33*$I13)^2+(Setup!$C$34*Setup!$C$35)^2+(Setup!$C$36*$I13)^2)) | K13: =IF($D13="","",(Setup!$C$18/1000)*SQRT(2*Setup!$C$8*$E13)/Setup!$C$11) | L13: =IF($D13="","",SQRT(((Setup!$C$18/1000)/Setup!$C$11*SQRT(2*Setup!$C$8)*(0.5/SQRT($E13))*$F13)^2+(SQRT(2*Setup!$C$8*$E13)/Setup!$C$11*Setup!$C$13)^2)) | O13: =IF($D13="","",30000*SQRT(2)*PI()*(Setup!$C$18/1000)^6*(Setup!$D$18/1000)*SQRT($E13)/(SQRT(Setup!$C$8)*((Setup!$C$18/1000)^4-(Setup!$D$18/1000)^4)^1.5)) | P13: =IF($D13="","",7500*SQRT(2)*PI()*(Setup!$C$18/1000)^2*(Setup!$D$18/1000)^2/(SQRT($E13)*SQRT(Setup!$C$8)*SQRT((Setup!$C$18/1000)^4-(Setup!$D$18/1000)^4))) | Q13: =IF($D13="","",SQRT((O13*Setup!$C$13)^2+(P13*$F13)^2))
B15: עמודה C היא יעד מנחה בלבד (חלוקת Qmax מ-Setup ל-10 צעדים שווים, כפי שדורש התדריך). אינה משפיעה על חישוב — יש למלא בעמודה D את Δh שנמדד בפועל. עמודות O–Q הן חישוב ביניים (נגזרות) לשגיאת הספיקה האידיאלית — אין לערוך, ניתן להסתיר.
I16: Δh נמדד [cm]
A17: מקדם תיקון C = Q_real / Q_ideal — צינור ונטורי (Venturi) | I17: 31.2
B18: נק' | C18: C [-] | D18: Re | I18: 31.7
B19: 1 | C19: =IF(OR($I4="",$G4="",$G4=0),"",$I4/$G4) | D19: =IF($K4="","",$K4) | I19: 33.3
B20: 2 | C20: =IF(OR($I5="",$G5="",$G5=0),"",$I5/$G5) | D20: =IF($K5="","",$K5) | I20: 35.5
B21: 3 | C21: =IF(OR($I6="",$G6="",$G6=0),"",$I6/$G6) | D21: =IF($K6="","",$K6) | I21: 37.9
B22: 4 | C22: =IF(OR($I7="",$G7="",$G7=0),"",$I7/$G7) | D22: =IF($K7="","",$K7) | I22: 40.9
B23: 5 | C23: =IF(OR($I8="",$G8="",$G8=0),"",$I8/$G8) | D23: =IF($K8="","",$K8) | I23: 44.4
B24: 6 | C24: =IF(OR($I9="",$G9="",$G9=0),"",$I9/$G9) | D24: =IF($K9="","",$K9) | I24: 48.5
B25: 7 | C25: =IF(OR($I10="",$G10="",$G10=0),"",$I10/$G10) | D25: =IF($K10="","",$K10) | I25: 53.4
B26: 8 | C26: =IF(OR($I11="",$G11="",$G11=0),"",$I11/$G11) | D26: =IF($K11="","",$K11) | I26: 58.7
B27: 9 | C27: =IF(OR($I12="",$G12="",$G12=0),"",$I12/$G12) | D27: =IF($K12="","",$K12)
B28: 10 | C28: =IF(OR($I13="",$G13="",$G13=0),"",$I13/$G13) | D28: =IF($K13="","",$K13)

Sheet Diaphragm
A1: מדיד דיאפרגמה (Diaphragm) — נתוני מדידה וניתוח
B3: נק' | C3: ספיקת מטרה (לפי Qmax/10) [L/min] | D3: Δh נמדד [m] | E3: ΔP [Pa] | F3: ΔP_err [Pa] | G3: Q_ideal [L/min] | H3: Q_ideal_err [L/min] | I3: Q_real [L/min] | J3: Q_real_err [L/min] | K3: Re | L3: Re_err | O3: ∂Qi/∂Dmin | P3: ∂Qi/∂P | Q3: Q_ideal_err
B4: 1 | C4: =(1/10)*Setup!$C$26 | D4: =((I17-31)*2)/100 | E4: =IF($D4="","",Setup!$C$9*Setup!$C$10*$D4) | F4: =IF($D4="","",Setup!$C$9*Setup!$C$10*Setup!$C$12) | G4: =IF($D4="","",(PI()*(Setup!$D$19/1000)^2/4)/SQRT(1-(((Setup!$D$19/1000)^2)/((Setup!$C$19/1000)^2))^2)*SQRT(2*$E4/Setup!$C$8)*60000) | H4: =Q4 | I4: =(1/10)*Setup!$C$26 | J4: =IF($I4="","",SQRT((Setup!$C$33*$I4)^2+(Setup!$C$34*Setup!$C$35)^2+(Setup!$C$36*$I4)^2)) | K4: =IF($D4="","",(Setup!$C$19/1000)*SQRT(2*Setup!$C$8*$E4)/Setup!$C$11) | L4: =IF($D4="","",SQRT(((Setup!$C$19/1000)/Setup!$C$11*SQRT(2*Setup!$C$8)*(0.5/SQRT($E4))*$F4)^2+(SQRT(2*Setup!$C$8*$E4)/Setup!$C$11*Setup!$C$13)^2)) | O4: =IF($D4="","",30000*SQRT(2)*PI()*(Setup!$C$19/1000)^6*(Setup!$D$19/1000)*SQRT($E4)/(SQRT(Setup!$C$8)*((Setup!$C$19/1000)^4-(Setup!$D$19/1000)^4)^1.5)) | P4: =IF($D4="","",7500*SQRT(2)*PI()*(Setup!$C$19/1000)^2*(Setup!$D$19/1000)^2/(SQRT($E4)*SQRT(Setup!$C$8)*SQRT((Setup!$C$19/1000)^4-(Setup!$D$19/1000)^4))) | Q4: =IF($D4="","",SQRT((O4*Setup!$C$13)^2+(P4*$F4)^2))
B5: 2 | C5: =(2/10)*Setup!$C$26 | D5: =((I18-31)*2)/100 | E5: =IF($D5="","",Setup!$C$9*Setup!$C$10*$D5) | F5: =IF($D5="","",Setup!$C$9*Setup!$C$10*Setup!$C$12) | G5: =IF($D5="","",(PI()*(Setup!$D$19/1000)^2/4)/SQRT(1-(((Setup!$D$19/1000)^2)/((Setup!$C$19/1000)^2))^2)*SQRT(2*$E5/Setup!$C$8)*60000) | H5: =Q5 | I5: =(2/10)*Setup!$C$26 | J5: =IF($I5="","",SQRT((Setup!$C$33*$I5)^2+(Setup!$C$34*Setup!$C$35)^2+(Setup!$C$36*$I5)^2)) | K5: =IF($D5="","",(Setup!$C$19/1000)*SQRT(2*Setup!$C$8*$E5)/Setup!$C$11) | L5: =IF($D5="","",SQRT(((Setup!$C$19/1000)/Setup!$C$11*SQRT(2*Setup!$C$8)*(0.5/SQRT($E5))*$F5)^2+(SQRT(2*Setup!$C$8*$E5)/Setup!$C$11*Setup!$C$13)^2)) | O5: =IF($D5="","",30000*SQRT(2)*PI()*(Setup!$C$19/1000)^6*(Setup!$D$19/1000)*SQRT($E5)/(SQRT(Setup!$C$8)*((Setup!$C$19/1000)^4-(Setup!$D$19/1000)^4)^1.5)) | P5: =IF($D5="","",7500*SQRT(2)*PI()*(Setup!$C$19/1000)^2*(Setup!$D$19/1000)^2/(SQRT($E5)*SQRT(Setup!$C$8)*SQRT((Setup!$C$19/1000)^4-(Setup!$D$19/1000)^4))) | Q5: =IF($D5="","",SQRT((O5*Setup!$C$13)^2+(P5*$F5)^2))
B6: 3 | C6: =(3/10)*Setup!$C$26 | D6: =((I19-31)*2)/100 | E6: =IF($D6="","",Setup!$C$9*Setup!$C$10*$D6) | F6: =IF($D6="","",Setup!$C$9*Setup!$C$10*Setup!$C$12) | G6: =IF($D6="","",(PI()*(Setup!$D$19/1000)^2/4)/SQRT(1-(((Setup!$D$19/1000)^2)/((Setup!$C$19/1000)^2))^2)*SQRT(2*$E6/Setup!$C$8)*60000) | H6: =Q6 | I6: =(3/10)*Setup!$C$26 | J6: =IF($I6="","",SQRT((Setup!$C$33*$I6)^2+(Setup!$C$34*Setup!$C$35)^2+(Setup!$C$36*$I6)^2)) | K6: =IF($D6="","",(Setup!$C$19/1000)*SQRT(2*Setup!$C$8*$E6)/Setup!$C$11) | L6: =IF($D6="","",SQRT(((Setup!$C$19/1000)/Setup!$C$11*SQRT(2*Setup!$C$8)*(0.5/SQRT($E6))*$F6)^2+(SQRT(2*Setup!$C$8*$E6)/Setup!$C$11*Setup!$C$13)^2)) | O6: =IF($D6="","",30000*SQRT(2)*PI()*(Setup!$C$19/1000)^6*(Setup!$D$19/1000)*SQRT($E6)/(SQRT(Setup!$C$8)*((Setup!$C$19/1000)^4-(Setup!$D$19/1000)^4)^1.5)) | P6: =IF($D6="","",7500*SQRT(2)*PI()*(Setup!$C$19/1000)^2*(Setup!$D$19/1000)^2/(SQRT($E6)*SQRT(Setup!$C$8)*SQRT((Setup!$C$19/1000)^4-(Setup!$D$19/1000)^4))) | Q6: =IF($D6="","",SQRT((O6*Setup!$C$13)^2+(P6*$F6)^2))
B7: 4 | C7: =(4/10)*Setup!$C$26 | D7: =((I20-31)*2)/100 | E7: =IF($D7="","",Setup!$C$9*Setup!$C$10*$D7) | F7: =IF($D7="","",Setup!$C$9*Setup!$C$10*Setup!$C$12) | G7: =IF($D7="","",(PI()*(Setup!$D$19/1000)^2/4)/SQRT(1-(((Setup!$D$19/1000)^2)/((Setup!$C$19/1000)^2))^2)*SQRT(2*$E7/Setup!$C$8)*60000) | H7: =Q7 | I7: =(4/10)*Setup!$C$26 | J7: =IF($I7="","",SQRT((Setup!$C$33*$I7)^2+(Setup!$C$34*Setup!$C$35)^2+(Setup!$C$36*$I7)^2)) | K7: =IF($D7="","",(Setup!$C$19/1000)*SQRT(2*Setup!$C$8*$E7)/Setup!$C$11) | L7: =IF($D7="","",SQRT(((Setup!$C$19/1000)/Setup!$C$11*SQRT(2*Setup!$C$8)*(0.5/SQRT($E7))*$F7)^2+(SQRT(2*Setup!$C$8*$E7)/Setup!$C$11*Setup!$C$13)^2)) | O7: =IF($D7="","",30000*SQRT(2)*PI()*(Setup!$C$19/1000)^6*(Setup!$D$19/1000)*SQRT($E7)/(SQRT(Setup!$C$8)*((Setup!$C$19/1000)^4-(Setup!$D$19/1000)^4)^1.5)) | P7: =IF($D7="","",7500*SQRT(2)*PI()*(Setup!$C$19/1000)^2*(Setup!$D$19/1000)^2/(SQRT($E7)*SQRT(Setup!$C$8)*SQRT((Setup!$C$19/1000)^4-(Setup!$D$19/1000)^4))) | Q7: =IF($D7="","",SQRT((O7*Setup!$C$13)^2+(P7*$F7)^2))
B8: 5 | C8: =(5/10)*Setup!$C$26 | D8: =((I21-31)*2)/100 | E8: =IF($D8="","",Setup!$C$9*Setup!$C$10*$D8) | F8: =IF($D8="","",Setup!$C$9*Setup!$C$10*Setup!$C$12) | G8: =IF($D8="","",(PI()*(Setup!$D$19/1000)^2/4)/SQRT(1-(((Setup!$D$19/1000)^2)/((Setup!$C$19/1000)^2))^2)*SQRT(2*$E8/Setup!$C$8)*60000) | H8: =Q8 | I8: =(5/10)*Setup!$C$26 | J8: =IF($I8="","",SQRT((Setup!$C$33*$I8)^2+(Setup!$C$34*Setup!$C$35)^2+(Setup!$C$36*$I8)^2)) | K8: =IF($D8="","",(Setup!$C$19/1000)*SQRT(2*Setup!$C$8*$E8)/Setup!$C$11) | L8: =IF($D8="","",SQRT(((Setup!$C$19/1000)/Setup!$C$11*SQRT(2*Setup!$C$8)*(0.5/SQRT($E8))*$F8)^2+(SQRT(2*Setup!$C$8*$E8)/Setup!$C$11*Setup!$C$13)^2)) | O8: =IF($D8="","",30000*SQRT(2)*PI()*(Setup!$C$19/1000)^6*(Setup!$D$19/1000)*SQRT($E8)/(SQRT(Setup!$C$8)*((Setup!$C$19/1000)^4-(Setup!$D$19/1000)^4)^1.5)) | P8: =IF($D8="","",7500*SQRT(2)*PI()*(Setup!$C$19/1000)^2*(Setup!$D$19/1000)^2/(SQRT($E8)*SQRT(Setup!$C$8)*SQRT((Setup!$C$19/1000)^4-(Setup!$D$19/1000)^4))) | Q8: =IF($D8="","",SQRT((O8*Setup!$C$13)^2+(P8*$F8)^2))
B9: 6 | C9: =(6/10)*Setup!$C$26 | D9: =((I22-31)*2)/100 | E9: =IF($D9="","",Setup!$C$9*Setup!$C$10*$D9) | F9: =IF($D9="","",Setup!$C$9*Setup!$C$10*Setup!$C$12) | G9: =IF($D9="","",(PI()*(Setup!$D$19/1000)^2/4)/SQRT(1-(((Setup!$D$19/1000)^2)/((Setup!$C$19/1000)^2))^2)*SQRT(2*$E9/Setup!$C$8)*60000) | H9: =Q9 | I9: =(6/10)*Setup!$C$26 | J9: =IF($I9="","",SQRT((Setup!$C$33*$I9)^2+(Setup!$C$34*Setup!$C$35)^2+(Setup!$C$36*$I9)^2)) | K9: =IF($D9="","",(Setup!$C$19/1000)*SQRT(2*Setup!$C$8*$E9)/Setup!$C$11) | L9: =IF($D9="","",SQRT(((Setup!$C$19/1000)/Setup!$C$11*SQRT(2*Setup!$C$8)*(0.5/SQRT($E9))*$F9)^2+(SQRT(2*Setup!$C$8*$E9)/Setup!$C$11*Setup!$C$13)^2)) | O9: =IF($D9="","",30000*SQRT(2)*PI()*(Setup!$C$19/1000)^6*(Setup!$D$19/1000)*SQRT($E9)/(SQRT(Setup!$C$8)*((Setup!$C$19/1000)^4-(Setup!$D$19/1000)^4)^1.5)) | P9: =IF($D9="","",7500*SQRT(2)*PI()*(Setup!$C$19/1000)^2*(Setup!$D$19/1000)^2/(SQRT($E9)*SQRT(Setup!$C$8)*SQRT((Setup!$C$19/1000)^4-(Setup!$D$19/1000)^4))) | Q9: =IF($D9="","",SQRT((O9*Setup!$C$13)^2+(P9*$F9)^2))
B10: 7 | C10: =(7/10)*Setup!$C$26 | D10: =((I23-31)*2)/100 | E10: =IF($D10="","",Setup!$C$9*Setup!$C$10*$D10) | F10: =IF($D10="","",Setup!$C$9*Setup!$C$10*Setup!$C$12) | G10: =IF($D10="","",(PI()*(Setup!$D$19/1000)^2/4)/SQRT(1-(((Setup!$D$19/1000)^2)/((Setup!$C$19/1000)^2))^2)*SQRT(2*$E10/Setup!$C$8)*60000) | H10: =Q10 | I10: =(7/10)*Setup!$C$26 | J10: =IF($I10="","",SQRT((Setup!$C$33*$I10)^2+(Setup!$C$34*Setup!$C$35)^2+(Setup!$C$36*$I10)^2)) | K10: =IF($D10="","",(Setup!$C$19/1000)*SQRT(2*Setup!$C$8*$E10)/Setup!$C$11) | L10: =IF($D10="","",SQRT(((Setup!$C$19/1000)/Setup!$C$11*SQRT(2*Setup!$C$8)*(0.5/SQRT($E10))*$F10)^2+(SQRT(2*Setup!$C$8*$E10)/Setup!$C$11*Setup!$C$13)^2)) | O10: =IF($D10="","",30000*SQRT(2)*PI()*(Setup!$C$19/1000)^6*(Setup!$D$19/1000)*SQRT($E10)/(SQRT(Setup!$C$8)*((Setup!$C$19/1000)^4-(Setup!$D$19/1000)^4)^1.5)) | P10: =IF($D10="","",7500*SQRT(2)*PI()*(Setup!$C$19/1000)^2*(Setup!$D$19/1000)^2/(SQRT($E10)*SQRT(Setup!$C$8)*SQRT((Setup!$C$19/1000)^4-(Setup!$D$19/1000)^4))) | Q10: =IF($D10="","",SQRT((O10*Setup!$C$13)^2+(P10*$F10)^2))
B11: 8 | C11: =(8/10)*Setup!$C$26 | D11: =((I24-31)*2)/100 | E11: =IF($D11="","",Setup!$C$9*Setup!$C$10*$D11) | F11: =IF($D11="","",Setup!$C$9*Setup!$C$10*Setup!$C$12) | G11: =IF($D11="","",(PI()*(Setup!$D$19/1000)^2/4)/SQRT(1-(((Setup!$D$19/1000)^2)/((Setup!$C$19/1000)^2))^2)*SQRT(2*$E11/Setup!$C$8)*60000) | H11: =Q11 | I11: =(8/10)*Setup!$C$26 | J11: =IF($I11="","",SQRT((Setup!$C$33*$I11)^2+(Setup!$C$34*Setup!$C$35)^2+(Setup!$C$36*$I11)^2)) | K11: =IF($D11="","",(Setup!$C$19/1000)*SQRT(2*Setup!$C$8*$E11)/Setup!$C$11) | L11: =IF($D11="","",SQRT(((Setup!$C$19/1000)/Setup!$C$11*SQRT(2*Setup!$C$8)*(0.5/SQRT($E11))*$F11)^2+(SQRT(2*Setup!$C$8*$E11)/Setup!$C$11*Setup!$C$13)^2)) | O11: =IF($D11="","",30000*SQRT(2)*PI()*(Setup!$C$19/1000)^6*(Setup!$D$19/1000)*SQRT($E11)/(SQRT(Setup!$C$8)*((Setup!$C$19/1000)^4-(Setup!$D$19/1000)^4)^1.5)) | P11: =IF($D11="","",7500*SQRT(2)*PI()*(Setup!$C$19/1000)^2*(Setup!$D$19/1000)^2/(SQRT($E11)*SQRT(Setup!$C$8)*SQRT((Setup!$C$19/1000)^4-(Setup!$D$19/1000)^4))) | Q11: =IF($D11="","",SQRT((O11*Setup!$C$13)^2+(P11*$F11)^2))
B12: 9 | C12: =(9/10)*Setup!$C$26 | D12: =((I25-31)*2)/100 | E12: =IF($D12="","",Setup!$C$9*Setup!$C$10*$D12) | F12: =IF($D12="","",Setup!$C$9*Setup!$C$10*Setup!$C$12) | G12: =IF($D12="","",(PI()*(Setup!$D$19/1000)^2/4)/SQRT(1-(((Setup!$D$19/1000)^2)/((Setup!$C$19/1000)^2))^2)*SQRT(2*$E12/Setup!$C$8)*60000) | H12: =Q12 | I12: =(9/10)*Setup!$C$26 | J12: =IF($I12="","",SQRT((Setup!$C$33*$I12)^2+(Setup!$C$34*Setup!$C$35)^2+(Setup!$C$36*$I12)^2)) | K12: =IF($D12="","",(Setup!$C$19/1000)*SQRT(2*Setup!$C$8*$E12)/Setup!$C$11) | L12: =IF($D12="","",SQRT(((Setup!$C$19/1000)/Setup!$C$11*SQRT(2*Setup!$C$8)*(0.5/SQRT($E12))*$F12)^2+(SQRT(2*Setup!$C$8*$E12)/Setup!$C$11*Setup!$C$13)^2)) | O12: =IF($D12="","",30000*SQRT(2)*PI()*(Setup!$C$19/1000)^6*(Setup!$D$19/1000)*SQRT($E12)/(SQRT(Setup!$C$8)*((Setup!$C$19/1000)^4-(Setup!$D$19/1000)^4)^1.5)) | P12: =IF($D12="","",7500*SQRT(2)*PI()*(Setup!$C$19/1000)^2*(Setup!$D$19/1000)^2/(SQRT($E12)*SQRT(Setup!$C$8)*SQRT((Setup!$C$19/1000)^4-(Setup!$D$19/1000)^4))) | Q12: =IF($D12="","",SQRT((O12*Setup!$C$13)^2+(P12*$F12)^2))
B13: 10 | C13: =(10/10)*Setup!$C$26 | D13: =((I26-31)*2)/100 | E13: =IF($D13="","",Setup!$C$9*Setup!$C$10*$D13) | F13: =IF($D13="","",Setup!$C$9*Setup!$C$10*Setup!$C$12) | G13: =IF($D13="","",(PI()*(Setup!$D$19/1000)^2/4)/SQRT(1-(((Setup!$D$19/1000)^2)/((Setup!$C$19/1000)^2))^2)*SQRT(2*$E13/Setup!$C$8)*60000) | H13: =Q13 | I13: =(10/10)*Setup!$C$26 | J13: =IF($I13="","",SQRT((Setup!$C$33*$I13)^2+(Setup!$C$34*Setup!$C$35)^2+(Setup!$C$36*$I13)^2)) | K13: =IF($D13="","",(Setup!$C$19/1000)*SQRT(2*Setup!$C$8*$E13)/Setup!$C$11) | L13: =IF($D13="","",SQRT(((Setup!$C$19/1000)/Setup!$C$11*SQRT(2*Setup!$C$8)*(0.5/SQRT($E13))*$F13)^2+(SQRT(2*Setup!$C$8*$E13)/Setup!$C$11*Setup!$C$13)^2)) | O13: =IF($D13="","",30000*SQRT(2)*PI()*(Setup!$C$19/1000)^6*(Setup!$D$19/1000)*SQRT($E13)/(SQRT(Setup!$C$8)*((Setup!$C$19/1000)^4-(Setup!$D$19/1000)^4)^1.5)) | P13: =IF($D13="","",7500*SQRT(2)*PI()*(Setup!$C$19/1000)^2*(Setup!$D$19/1000)^2/(SQRT($E13)*SQRT(Setup!$C$8)*SQRT((Setup!$C$19/1000)^4-(Setup!$D$19/1000)^4))) | Q13: =IF($D13="","",SQRT((O13*Setup!$C$13)^2+(P13*$F13)^2))
B15: עמודה C היא יעד מנחה בלבד (חלוקת Qmax מ-Setup ל-10 צעדים שווים, כפי שדורש התדריך). אינה משפיעה על חישוב — יש למלא בעמודה D את Δh שנמדד בפועל. עמודות O–Q הן חישוב ביניים (נגזרות) לשגיאת הספיקה האידיאלית — אין לערוך, ניתן להסתיר.
I16: Δh נמדד [cm]
A17: מקדם תיקון C = Q_real / Q_ideal — דיאפרגמה (Diaphragm) | I17: 31.1
B18: נק' | C18: C [-] | D18: Re | I18: 32
B19: 1 | C19: =IF(OR($I4="",$G4="",$G4=0),"",$I4/$G4) | D19: =IF($K4="","",$K4) | I19: 33.3
B20: 2 | C20: =IF(OR($I5="",$G5="",$G5=0),"",$I5/$G5) | D20: =IF($K5="","",$K5) | I20: 35.7
B21: 3 | C21: =IF(OR($I6="",$G6="",$G6=0),"",$I6/$G6) | D21: =IF($K6="","",$K6) | I21: 39.1
B22: 4 | C22: =IF(OR($I7="",$G7="",$G7=0),"",$I7/$G7) | D22: =IF($K7="","",$K7) | I22: 42.5
B23: 5 | C23: =IF(OR($I8="",$G8="",$G8=0),"",$I8/$G8) | D23: =IF($K8="","",$K8) | I23: 46.4
B24: 6 | C24: =IF(OR($I9="",$G9="",$G9=0),"",$I9/$G9) | D24: =IF($K9="","",$K9) | I24: 50.8
B25: 7 | C25: =IF(OR($I10="",$G10="",$G10=0),"",$I10/$G10) | D25: =IF($K10="","",$K10) | I25: 55
B26: 8 | C26: =IF(OR($I11="",$G11="",$G11=0),"",$I11/$G11) | D26: =IF($K11="","",$K11) | I26: 60.1
B27: 9 | C27: =IF(OR($I12="",$G12="",$G12=0),"",$I12/$G12) | D27: =IF($K12="","",$K12)
B28: 10 | C28: =IF(OR($I13="",$G13="",$G13=0),"",$I13/$G13) | D28: =IF($K13="","",$K13)

Sheet Nozzle
A1: מדיד נחיר (Nozzle) — נתוני מדידה וניתוח
B3: נק' | C3: ספיקת מטרה (לפי Qmax/10) [L/min] | D3: Δh נמדד [m] | E3: ΔP [Pa] | F3: ΔP_err [Pa] | G3: Q_ideal [L/min] | H3: Q_ideal_err [L/min] | I3: Q_real [L/min] | J3: Q_real_err [L/min] | K3: Re | L3: Re_err | O3: ∂Qi/∂Dmin | P3: ∂Qi/∂P | Q3: Q_ideal_err
B4: 1 | C4: =(1/10)*Setup!$C$27 | D4: =((I17-31)*2)/100 | E4: =IF($D4="","",Setup!$C$9*Setup!$C$10*$D4) | F4: =IF($D4="","",Setup!$C$9*Setup!$C$10*Setup!$C$12) | G4: =IF($D4="","",(PI()*(Setup!$D$20/1000)^2/4)/SQRT(1-(((Setup!$D$20/1000)^2)/((Setup!$C$20/1000)^2))^2)*SQRT(2*$E4/Setup!$C$8)*60000) | H4: =Q4 | I4: =(1/10)*Setup!$C$27 | J4: =IF($I4="","",SQRT((Setup!$C$33*$I4)^2+(Setup!$C$34*Setup!$C$35)^2+(Setup!$C$36*$I4)^2)) | K4: =IF($D4="","",(Setup!$C$20/1000)*SQRT(2*Setup!$C$8*$E4)/Setup!$C$11) | L4: =IF($D4="","",SQRT(((Setup!$C$20/1000)/Setup!$C$11*SQRT(2*Setup!$C$8)*(0.5/SQRT($E4))*$F4)^2+(SQRT(2*Setup!$C$8*$E4)/Setup!$C$11*Setup!$C$13)^2)) | O4: =IF($D4="","",30000*SQRT(2)*PI()*(Setup!$C$20/1000)^6*(Setup!$D$20/1000)*SQRT($E4)/(SQRT(Setup!$C$8)*((Setup!$C$20/1000)^4-(Setup!$D$20/1000)^4)^1.5)) | P4: =IF($D4="","",7500*SQRT(2)*PI()*(Setup!$C$20/1000)^2*(Setup!$D$20/1000)^2/(SQRT($E4)*SQRT(Setup!$C$8)*SQRT((Setup!$C$20/1000)^4-(Setup!$D$20/1000)^4))) | Q4: =IF($D4="","",SQRT((O4*Setup!$C$13)^2+(P4*$F4)^2))
B5: 2 | C5: =(2/10)*Setup!$C$27 | D5: =((I18-31)*2)/100 | E5: =IF($D5="","",Setup!$C$9*Setup!$C$10*$D5) | F5: =IF($D5="","",Setup!$C$9*Setup!$C$10*Setup!$C$12) | G5: =IF($D5="","",(PI()*(Setup!$D$20/1000)^2/4)/SQRT(1-(((Setup!$D$20/1000)^2)/((Setup!$C$20/1000)^2))^2)*SQRT(2*$E5/Setup!$C$8)*60000) | H5: =Q5 | I5: =(2/10)*Setup!$C$27 | J5: =IF($I5="","",SQRT((Setup!$C$33*$I5)^2+(Setup!$C$34*Setup!$C$35)^2+(Setup!$C$36*$I5)^2)) | K5: =IF($D5="","",(Setup!$C$20/1000)*SQRT(2*Setup!$C$8*$E5)/Setup!$C$11) | L5: =IF($D5="","",SQRT(((Setup!$C$20/1000)/Setup!$C$11*SQRT(2*Setup!$C$8)*(0.5/SQRT($E5))*$F5)^2+(SQRT(2*Setup!$C$8*$E5)/Setup!$C$11*Setup!$C$13)^2)) | O5: =IF($D5="","",30000*SQRT(2)*PI()*(Setup!$C$20/1000)^6*(Setup!$D$20/1000)*SQRT($E5)/(SQRT(Setup!$C$8)*((Setup!$C$20/1000)^4-(Setup!$D$20/1000)^4)^1.5)) | P5: =IF($D5="","",7500*SQRT(2)*PI()*(Setup!$C$20/1000)^2*(Setup!$D$20/1000)^2/(SQRT($E5)*SQRT(Setup!$C$8)*SQRT((Setup!$C$20/1000)^4-(Setup!$D$20/1000)^4))) | Q5: =IF($D5="","",SQRT((O5*Setup!$C$13)^2+(P5*$F5)^2))
B6: 3 | C6: =(3/10)*Setup!$C$27 | D6: =((I19-31)*2)/100 | E6: =IF($D6="","",Setup!$C$9*Setup!$C$10*$D6) | F6: =IF($D6="","",Setup!$C$9*Setup!$C$10*Setup!$C$12) | G6: =IF($D6="","",(PI()*(Setup!$D$20/1000)^2/4)/SQRT(1-(((Setup!$D$20/1000)^2)/((Setup!$C$20/1000)^2))^2)*SQRT(2*$E6/Setup!$C$8)*60000) | H6: =Q6 | I6: =(3/10)*Setup!$C$27 | J6: =IF($I6="","",SQRT((Setup!$C$33*$I6)^2+(Setup!$C$34*Setup!$C$35)^2+(Setup!$C$36*$I6)^2)) | K6: =IF($D6="","",(Setup!$C$20/1000)*SQRT(2*Setup!$C$8*$E6)/Setup!$C$11) | L6: =IF($D6="","",SQRT(((Setup!$C$20/1000)/Setup!$C$11*SQRT(2*Setup!$C$8)*(0.5/SQRT($E6))*$F6)^2+(SQRT(2*Setup!$C$8*$E6)/Setup!$C$11*Setup!$C$13)^2)) | O6: =IF($D6="","",30000*SQRT(2)*PI()*(Setup!$C$20/1000)^6*(Setup!$D$20/1000)*SQRT($E6)/(SQRT(Setup!$C$8)*((Setup!$C$20/1000)^4-(Setup!$D$20/1000)^4)^1.5)) | P6: =IF($D6="","",7500*SQRT(2)*PI()*(Setup!$C$20/1000)^2*(Setup!$D$20/1000)^2/(SQRT($E6)*SQRT(Setup!$C$8)*SQRT((Setup!$C$20/1000)^4-(Setup!$D$20/1000)^4))) | Q6: =IF($D6="","",SQRT((O6*Setup!$C$13)^2+(P6*$F6)^2))
B7: 4 | C7: =(4/10)*Setup!$C$27 | D7: =((I20-31)*2)/100 | E7: =IF($D7="","",Setup!$C$9*Setup!$C$10*$D7) | F7: =IF($D7="","",Setup!$C$9*Setup!$C$10*Setup!$C$12) | G7: =IF($D7="","",(PI()*(Setup!$D$20/1000)^2/4)/SQRT(1-(((Setup!$D$20/1000)^2)/((Setup!$C$20/1000)^2))^2)*SQRT(2*$E7/Setup!$C$8)*60000) | H7: =Q7 | I7: =(4/10)*Setup!$C$27 | J7: =IF($I7="","",SQRT((Setup!$C$33*$I7)^2+(Setup!$C$34*Setup!$C$35)^2+(Setup!$C$36*$I7)^2)) | K7: =IF($D7="","",(Setup!$C$20/1000)*SQRT(2*Setup!$C$8*$E7)/Setup!$C$11) | L7: =IF($D7="","",SQRT(((Setup!$C$20/1000)/Setup!$C$11*SQRT(2*Setup!$C$8)*(0.5/SQRT($E7))*$F7)^2+(SQRT(2*Setup!$C$8*$E7)/Setup!$C$11*Setup!$C$13)^2)) | O7: =IF($D7="","",30000*SQRT(2)*PI()*(Setup!$C$20/1000)^6*(Setup!$D$20/1000)*SQRT($E7)/(SQRT(Setup!$C$8)*((Setup!$C$20/1000)^4-(Setup!$D$20/1000)^4)^1.5)) | P7: =IF($D7="","",7500*SQRT(2)*PI()*(Setup!$C$20/1000)^2*(Setup!$D$20/1000)^2/(SQRT($E7)*SQRT(Setup!$C$8)*SQRT((Setup!$C$20/1000)^4-(Setup!$D$20/1000)^4))) | Q7: =IF($D7="","",SQRT((O7*Setup!$C$13)^2+(P7*$F7)^2))
B8: 5 | C8: =(5/10)*Setup!$C$27 | D8: =((I21-31)*2)/100 | E8: =IF($D8="","",Setup!$C$9*Setup!$C$10*$D8) | F8: =IF($D8="","",Setup!$C$9*Setup!$C$10*Setup!$C$12) | G8: =IF($D8="","",(PI()*(Setup!$D$20/1000)^2/4)/SQRT(1-(((Setup!$D$20/1000)^2)/((Setup!$C$20/1000)^2))^2)*SQRT(2*$E8/Setup!$C$8)*60000) | H8: =Q8 | I8: =(5/10)*Setup!$C$27 | J8: =IF($I8="","",SQRT((Setup!$C$33*$I8)^2+(Setup!$C$34*Setup!$C$35)^2+(Setup!$C$36*$I8)^2)) | K8: =IF($D8="","",(Setup!$C$20/1000)*SQRT(2*Setup!$C$8*$E8)/Setup!$C$11) | L8: =IF($D8="","",SQRT(((Setup!$C$20/1000)/Setup!$C$11*SQRT(2*Setup!$C$8)*(0.5/SQRT($E8))*$F8)^2+(SQRT(2*Setup!$C$8*$E8)/Setup!$C$11*Setup!$C$13)^2)) | O8: =IF($D8="","",30000*SQRT(2)*PI()*(Setup!$C$20/1000)^6*(Setup!$D$20/1000)*SQRT($E8)/(SQRT(Setup!$C$8)*((Setup!$C$20/1000)^4-(Setup!$D$20/1000)^4)^1.5)) | P8: =IF($D8="","",7500*SQRT(2)*PI()*(Setup!$C$20/1000)^2*(Setup!$D$20/1000)^2/(SQRT($E8)*SQRT(Setup!$C$8)*SQRT((Setup!$C$20/1000)^4-(Setup!$D$20/1000)^4))) | Q8: =IF($D8="","",SQRT((O8*Setup!$C$13)^2+(P8*$F8)^2))
B9: 6 | C9: =(6/10)*Setup!$C$27 | D9: =((I22-31)*2)/100 | E9: =IF($D9="","",Setup!$C$9*Setup!$C$10*$D9) | F9: =IF($D9="","",Setup!$C$9*Setup!$C$10*Setup!$C$12) | G9: =IF($D9="","",(PI()*(Setup!$D$20/1000)^2/4)/SQRT(1-(((Setup!$D$20/1000)^2)/((Setup!$C$20/1000)^2))^2)*SQRT(2*$E9/Setup!$C$8)*60000) | H9: =Q9 | I9: =(6/10)*Setup!$C$27 | J9: =IF($I9="","",SQRT((Setup!$C$33*$I9)^2+(Setup!$C$34*Setup!$C$35)^2+(Setup!$C$36*$I9)^2)) | K9: =IF($D9="","",(Setup!$C$20/1000)*SQRT(2*Setup!$C$8*$E9)/Setup!$C$11) | L9: =IF($D9="","",SQRT(((Setup!$C$20/1000)/Setup!$C$11*SQRT(2*Setup!$C$8)*(0.5/SQRT($E9))*$F9)^2+(SQRT(2*Setup!$C$8*$E9)/Setup!$C$11*Setup!$C$13)^2)) | O9: =IF($D9="","",30000*SQRT(2)*PI()*(Setup!$C$20/1000)^6*(Setup!$D$20/1000)*SQRT($E9)/(SQRT(Setup!$C$8)*((Setup!$C$20/1000)^4-(Setup!$D$20/1000)^4)^1.5)) | P9: =IF($D9="","",7500*SQRT(2)*PI()*(Setup!$C$20/1000)^2*(Setup!$D$20/1000)^2/(SQRT($E9)*SQRT(Setup!$C$8)*SQRT((Setup!$C$20/1000)^4-(Setup!$D$20/1000)^4))) | Q9: =IF($D9="","",SQRT((O9*Setup!$C$13)^2+(P9*$F9)^2))
B10: 7 | C10: =(7/10)*Setup!$C$27 | D10: =((I23-31)*2)/100 | E10: =IF($D10="","",Setup!$C$9*Setup!$C$10*$D10) | F10: =IF($D10="","",Setup!$C$9*Setup!$C$10*Setup!$C$12) | G10: =IF($D10="","",(PI()*(Setup!$D$20/1000)^2/4)/SQRT(1-(((Setup!$D$20/1000)^2)/((Setup!$C$20/1000)^2))^2)*SQRT(2*$E10/Setup!$C$8)*60000) | H10: =Q10 | I10: =(7/10)*Setup!$C$27 | J10: =IF($I10="","",SQRT((Setup!$C$33*$I10)^2+(Setup!$C$34*Setup!$C$35)^2+(Setup!$C$36*$I10)^2)) | K10: =IF($D10="","",(Setup!$C$20/1000)*SQRT(2*Setup!$C$8*$E10)/Setup!$C$11) | L10: =IF($D10="","",SQRT(((Setup!$C$20/1000)/Setup!$C$11*SQRT(2*Setup!$C$8)*(0.5/SQRT($E10))*$F10)^2+(SQRT(2*Setup!$C$8*$E10)/Setup!$C$11*Setup!$C$13)^2)) | O10: =IF($D10="","",30000*SQRT(2)*PI()*(Setup!$C$20/1000)^6*(Setup!$D$20/1000)*SQRT($E10)/(SQRT(Setup!$C$8)*((Setup!$C$20/1000)^4-(Setup!$D$20/1000)^4)^1.5)) | P10: =IF($D10="","",7500*SQRT(2)*PI()*(Setup!$C$20/1000)^2*(Setup!$D$20/1000)^2/(SQRT($E10)*SQRT(Setup!$C$8)*SQRT((Setup!$C$20/1000)^4-(Setup!$D$20/1000)^4))) | Q10: =IF($D10="","",SQRT((O10*Setup!$C$13)^2+(P10*$F10)^2))
B11: 8 | C11: =(8/10)*Setup!$C$27 | D11: =((I24-31)*2)/100 | E11: =IF($D11="","",Setup!$C$9*Setup!$C$10*$D11) | F11: =IF($D11="","",Setup!$C$9*Setup!$C$10*Setup!$C$12) | G11: =IF($D11="","",(PI()*(Setup!$D$20/1000)^2/4)/SQRT(1-(((Setup!$D$20/1000)^2)/((Setup!$C$20/1000)^2))^2)*SQRT(2*$E11/Setup!$C$8)*60000) | H11: =Q11 | I11: =(8/10)*Setup!$C$27 | J11: =IF($I11="","",SQRT((Setup!$C$33*$I11)^2+(Setup!$C$34*Setup!$C$35)^2+(Setup!$C$36*$I11)^2)) | K11: =IF($D11="","",(Setup!$C$20/1000)*SQRT(2*Setup!$C$8*$E11)/Setup!$C$11) | L11: =IF($D11="","",SQRT(((Setup!$C$20/1000)/Setup!$C$11*SQRT(2*Setup!$C$8)*(0.5/SQRT($E11))*$F11)^2+(SQRT(2*Setup!$C$8*$E11)/Setup!$C$11*Setup!$C$13)^2)) | O11: =IF($D11="","",30000*SQRT(2)*PI()*(Setup!$C$20/1000)^6*(Setup!$D$20/1000)*SQRT($E11)/(SQRT(Setup!$C$8)*((Setup!$C$20/1000)^4-(Setup!$D$20/1000)^4)^1.5)) | P11: =IF($D11="","",7500*SQRT(2)*PI()*(Setup!$C$20/1000)^2*(Setup!$D$20/1000)^2/(SQRT($E11)*SQRT(Setup!$C$8)*SQRT((Setup!$C$20/1000)^4-(Setup!$D$20/1000)^4))) | Q11: =IF($D11="","",SQRT((O11*Setup!$C$13)^2+(P11*$F11)^2))
B12: 9 | C12: =(9/10)*Setup!$C$27 | D12: =((I25-31)*2)/100 | E12: =IF($D12="","",Setup!$C$9*Setup!$C$10*$D12) | F12: =IF($D12="","",Setup!$C$9*Setup!$C$10*Setup!$C$12) | G12: =IF($D12="","",(PI()*(Setup!$D$20/1000)^2/4)/SQRT(1-(((Setup!$D$20/1000)^2)/((Setup!$C$20/1000)^2))^2)*SQRT(2*$E12/Setup!$C$8)*60000) | H12: =Q12 | I12: =(9/10)*Setup!$C$27 | J12: =IF($I12="","",SQRT((Setup!$C$33*$I12)^2+(Setup!$C$34*Setup!$C$35)^2+(Setup!$C$36*$I12)^2)) | K12: =IF($D12="","",(Setup!$C$20/1000)*SQRT(2*Setup!$C$8*$E12)/Setup!$C$11) | L12: =IF($D12="","",SQRT(((Setup!$C$20/1000)/Setup!$C$11*SQRT(2*Setup!$C$8)*(0.5/SQRT($E12))*$F12)^2+(SQRT(2*Setup!$C$8*$E12)/Setup!$C$11*Setup!$C$13)^2)) | O12: =IF($D12="","",30000*SQRT(2)*PI()*(Setup!$C$20/1000)^6*(Setup!$D$20/1000)*SQRT($E12)/(SQRT(Setup!$C$8)*((Setup!$C$20/1000)^4-(Setup!$D$20/1000)^4)^1.5)) | P12: =IF($D12="","",7500*SQRT(2)*PI()*(Setup!$C$20/1000)^2*(Setup!$D$20/1000)^2/(SQRT($E12)*SQRT(Setup!$C$8)*SQRT((Setup!$C$20/1000)^4-(Setup!$D$20/1000)^4))) | Q12: =IF($D12="","",SQRT((O12*Setup!$C$13)^2+(P12*$F12)^2))
B13: 10 | C13: =(10/10)*Setup!$C$27 | D13: =((I26-31)*2)/100 | E13: =IF($D13="","",Setup!$C$9*Setup!$C$10*$D13) | F13: =IF($D13="","",Setup!$C$9*Setup!$C$10*Setup!$C$12) | G13: =IF($D13="","",(PI()*(Setup!$D$20/1000)^2/4)/SQRT(1-(((Setup!$D$20/1000)^2)/((Setup!$C$20/1000)^2))^2)*SQRT(2*$E13/Setup!$C$8)*60000) | H13: =Q13 | I13: =(10/10)*Setup!$C$27 | J13: =IF($I13="","",SQRT((Setup!$C$33*$I13)^2+(Setup!$C$34*Setup!$C$35)^2+(Setup!$C$36*$I13)^2)) | K13: =IF($D13="","",(Setup!$C$20/1000)*SQRT(2*Setup!$C$8*$E13)/Setup!$C$11) | L13: =IF($D13="","",SQRT(((Setup!$C$20/1000)/Setup!$C$11*SQRT(2*Setup!$C$8)*(0.5/SQRT($E13))*$F13)^2+(SQRT(2*Setup!$C$8*$E13)/Setup!$C$11*Setup!$C$13)^2)) | O13: =IF($D13="","",30000*SQRT(2)*PI()*(Setup!$C$20/1000)^6*(Setup!$D$20/1000)*SQRT($E13)/(SQRT(Setup!$C$8)*((Setup!$C$20/1000)^4-(Setup!$D$20/1000)^4)^1.5)) | P13: =IF($D13="","",7500*SQRT(2)*PI()*(Setup!$C$20/1000)^2*(Setup!$D$20/1000)^2/(SQRT($E13)*SQRT(Setup!$C$8)*SQRT((Setup!$C$20/1000)^4-(Setup!$D$20/1000)^4))) | Q13: =IF($D13="","",SQRT((O13*Setup!$C$13)^2+(P13*$F13)^2))
B15: עמודה C היא יעד מנחה בלבד (חלוקת Qmax מ-Setup ל-10 צעדים שווים, כפי שדורש התדריך). אינה משפיעה על חישוב — יש למלא בעמודה D את Δh שנמדד בפועל. עמודות O–Q הן חישוב ביניים (נגזרות) לשגיאת הספיקה האידיאלית — אין לערוך, ניתן להסתיר.
I16: Δh נמדד [cm]
A17: מקדם תיקון C = Q_real / Q_ideal — נחיר (Nozzle) | I17: 31.2
B18: נק' | C18: C [-] | D18: Re | I18: 31.9
B19: 1 | C19: =IF(OR($I4="",$G4="",$G4=0),"",$I4/$G4) | D19: =IF($K4="","",$K4) | I19: 33.6
B20: 2 | C20: =IF(OR($I5="",$G5="",$G5=0),"",$I5/$G5) | D20: =IF($K5="","",$K5) | I20: 36.1
B21: 3 | C21: =IF(OR($I6="",$G6="",$G6=0),"",$I6/$G6) | D21: =IF($K6="","",$K6) | I21: 38.7
B22: 4 | C22: =IF(OR($I7="",$G7="",$G7=0),"",$I7/$G7) | D22: =IF($K7="","",$K7) | I22: 41.8
B23: 5 | C23: =IF(OR($I8="",$G8="",$G8=0),"",$I8/$G8) | D23: =IF($K8="","",$K8) | I23: 45.6
B24: 6 | C24: =IF(OR($I9="",$G9="",$G9=0),"",$I9/$G9) | D24: =IF($K9="","",$K9) | I24: 50
B25: 7 | C25: =IF(OR($I10="",$G10="",$G10=0),"",$I10/$G10) | D25: =IF($K10="","",$K10) | I25: 54.7
B26: 8 | C26: =IF(OR($I11="",$G11="",$G11=0),"",$I11/$G11) | D26: =IF($K11="","",$K11) | I26: 59.8
B27: 9 | C27: =IF(OR($I12="",$G12="",$G12=0),"",$I12/$G12) | D27: =IF($K12="","",$K12)
B28: 10 | C28: =IF(OR($I13="",$G13="",$G13=0),"",$I13/$G13) | D28: =IF($K13="","",$K13)

Sheet Pitot
A1: מדיד פיטו — כיול מהירות (גרף סעיף ב')
B3: נק' | C3: Δh נמדד [m] | D3: ΔP [Pa] | E3: √ΔP [√Pa] | F3: √ΔP_err [√Pa] | G3: u ברנולי [m/s] | H3: u_err [m/s] | I3: u ממוצע (קשר 1/7) [m/s] | J3: u_err | K3: Q רוטמטר [L/min] | L3: u ממוצע (רוטמטר) [m/s] | M3: u_err | N3: Re | O3: Re_err
B4: 1 | C4: =((I17-6.8)*2)/100 | D4: =IF($C4="","",Setup!$C$9*Setup!$C$10*$C4) | E4: =IF($D4="","",SQRT($D4)) | F4: =IF($C4="","",0.5*SQRT(Setup!$C$9*Setup!$C$10/$C4)*Setup!$C$12) | G4: =IF($D4="","",SQRT(2*$D4/Setup!$C$8)) | H4: =IF($F4="","",SQRT(2/Setup!$C$8)*$F4) | I4: =IF($G4="","",(14/15)*$G4) | J4: =IF($H4="","",(14/15)*$H4) | K4: 22 | L4: =IF($K4="","",4*($K4/60000)/(PI()*(Setup!$C$21/1000)^2)) | M4: =IF($K4="","",SQRT((4/(PI()*(Setup!$C$21/1000)^2)/60000*SQRT((Setup!$C$33*$K4)^2+(Setup!$C$34*Setup!$C$35)^2+(Setup!$C$36*$K4)^2))^2+(8*($K4/60000)/(PI()*(Setup!$C$21/1000)^3)*Setup!$C$13)^2)) | N4: =IF($D4="","",(Setup!$C$21/1000)*SQRT(2*Setup!$C$8*$D4)/Setup!$C$11) | O4: =IF($D4="","",SQRT(((Setup!$C$21/1000)/Setup!$C$11*SQRT(2*Setup!$C$8)*$F4)^2+(SQRT(2*Setup!$C$8*$D4)/Setup!$C$11*Setup!$C$13)^2))
B5: 2 | C5: =((I18-6.8)*2)/100 | D5: =IF($C5="","",Setup!$C$9*Setup!$C$10*$C5) | E5: =IF($D5="","",SQRT($D5)) | F5: =IF($C5="","",0.5*SQRT(Setup!$C$9*Setup!$C$10/$C5)*Setup!$C$12) | G5: =IF($D5="","",SQRT(2*$D5/Setup!$C$8)) | H5: =IF($F5="","",SQRT(2/Setup!$C$8)*$F5) | I5: =IF($G5="","",(14/15)*$G5) | J5: =IF($H5="","",(14/15)*$H5) | K5: 44 | L5: =IF($K5="","",4*($K5/60000)/(PI()*(Setup!$C$21/1000)^2)) | M5: =IF($K5="","",SQRT((4/(PI()*(Setup!$C$21/1000)^2)/60000*SQRT((Setup!$C$33*$K5)^2+(Setup!$C$34*Setup!$C$35)^2+(Setup!$C$36*$K5)^2))^2+(8*($K5/60000)/(PI()*(Setup!$C$21/1000)^3)*Setup!$C$13)^2)) | N5: =IF($D5="","",(Setup!$C$21/1000)*SQRT(2*Setup!$C$8*$D5)/Setup!$C$11) | O5: =IF($D5="","",SQRT(((Setup!$C$21/1000)/Setup!$C$11*SQRT(2*Setup!$C$8)*$F5)^2+(SQRT(2*Setup!$C$8*$D5)/Setup!$C$11*Setup!$C$13)^2))
B6: 3 | C6: =((I19-6.8)*2)/100 | D6: =IF($C6="","",Setup!$C$9*Setup!$C$10*$C6) | E6: =IF($D6="","",SQRT($D6)) | F6: =IF($C6="","",0.5*SQRT(Setup!$C$9*Setup!$C$10/$C6)*Setup!$C$12) | G6: =IF($D6="","",SQRT(2*$D6/Setup!$C$8)) | H6: =IF($F6="","",SQRT(2/Setup!$C$8)*$F6) | I6: =IF($G6="","",(14/15)*$G6) | J6: =IF($H6="","",(14/15)*$H6) | K6: 66 | L6: =IF($K6="","",4*($K6/60000)/(PI()*(Setup!$C$21/1000)^2)) | M6: =IF($K6="","",SQRT((4/(PI()*(Setup!$C$21/1000)^2)/60000*SQRT((Setup!$C$33*$K6)^2+(Setup!$C$34*Setup!$C$35)^2+(Setup!$C$36*$K6)^2))^2+(8*($K6/60000)/(PI()*(Setup!$C$21/1000)^3)*Setup!$C$13)^2)) | N6: =IF($D6="","",(Setup!$C$21/1000)*SQRT(2*Setup!$C$8*$D6)/Setup!$C$11) | O6: =IF($D6="","",SQRT(((Setup!$C$21/1000)/Setup!$C$11*SQRT(2*Setup!$C$8)*$F6)^2+(SQRT(2*Setup!$C$8*$D6)/Setup!$C$11*Setup!$C$13)^2))
B7: 4 | C7: =((I20-6.8)*2)/100 | D7: =IF($C7="","",Setup!$C$9*Setup!$C$10*$C7) | E7: =IF($D7="","",SQRT($D7)) | F7: =IF($C7="","",0.5*SQRT(Setup!$C$9*Setup!$C$10/$C7)*Setup!$C$12) | G7: =IF($D7="","",SQRT(2*$D7/Setup!$C$8)) | H7: =IF($F7="","",SQRT(2/Setup!$C$8)*$F7) | I7: =IF($G7="","",(14/15)*$G7) | J7: =IF($H7="","",(14/15)*$H7) | K7: 88 | L7: =IF($K7="","",4*($K7/60000)/(PI()*(Setup!$C$21/1000)^2)) | M7: =IF($K7="","",SQRT((4/(PI()*(Setup!$C$21/1000)^2)/60000*SQRT((Setup!$C$33*$K7)^2+(Setup!$C$34*Setup!$C$35)^2+(Setup!$C$36*$K7)^2))^2+(8*($K7/60000)/(PI()*(Setup!$C$21/1000)^3)*Setup!$C$13)^2)) | N7: =IF($D7="","",(Setup!$C$21/1000)*SQRT(2*Setup!$C$8*$D7)/Setup!$C$11) | O7: =IF($D7="","",SQRT(((Setup!$C$21/1000)/Setup!$C$11*SQRT(2*Setup!$C$8)*$F7)^2+(SQRT(2*Setup!$C$8*$D7)/Setup!$C$11*Setup!$C$13)^2))
B8: 5 | C8: =((I21-6.8)*2)/100 | D8: =IF($C8="","",Setup!$C$9*Setup!$C$10*$C8) | E8: =IF($D8="","",SQRT($D8)) | F8: =IF($C8="","",0.5*SQRT(Setup!$C$9*Setup!$C$10/$C8)*Setup!$C$12) | G8: =IF($D8="","",SQRT(2*$D8/Setup!$C$8)) | H8: =IF($F8="","",SQRT(2/Setup!$C$8)*$F8) | I8: =IF($G8="","",(14/15)*$G8) | J8: =IF($H8="","",(14/15)*$H8) | K8: 110 | L8: =IF($K8="","",4*($K8/60000)/(PI()*(Setup!$C$21/1000)^2)) | M8: =IF($K8="","",SQRT((4/(PI()*(Setup!$C$21/1000)^2)/60000*SQRT((Setup!$C$33*$K8)^2+(Setup!$C$34*Setup!$C$35)^2+(Setup!$C$36*$K8)^2))^2+(8*($K8/60000)/(PI()*(Setup!$C$21/1000)^3)*Setup!$C$13)^2)) | N8: =IF($D8="","",(Setup!$C$21/1000)*SQRT(2*Setup!$C$8*$D8)/Setup!$C$11) | O8: =IF($D8="","",SQRT(((Setup!$C$21/1000)/Setup!$C$11*SQRT(2*Setup!$C$8)*$F8)^2+(SQRT(2*Setup!$C$8*$D8)/Setup!$C$11*Setup!$C$13)^2))
B9: 6 | C9: =((I22-6.8)*2)/100 | D9: =IF($C9="","",Setup!$C$9*Setup!$C$10*$C9) | E9: =IF($D9="","",SQRT($D9)) | F9: =IF($C9="","",0.5*SQRT(Setup!$C$9*Setup!$C$10/$C9)*Setup!$C$12) | G9: =IF($D9="","",SQRT(2*$D9/Setup!$C$8)) | H9: =IF($F9="","",SQRT(2/Setup!$C$8)*$F9) | I9: =IF($G9="","",(14/15)*$G9) | J9: =IF($H9="","",(14/15)*$H9) | K9: 132 | L9: =IF($K9="","",4*($K9/60000)/(PI()*(Setup!$C$21/1000)^2)) | M9: =IF($K9="","",SQRT((4/(PI()*(Setup!$C$21/1000)^2)/60000*SQRT((Setup!$C$33*$K9)^2+(Setup!$C$34*Setup!$C$35)^2+(Setup!$C$36*$K9)^2))^2+(8*($K9/60000)/(PI()*(Setup!$C$21/1000)^3)*Setup!$C$13)^2)) | N9: =IF($D9="","",(Setup!$C$21/1000)*SQRT(2*Setup!$C$8*$D9)/Setup!$C$11) | O9: =IF($D9="","",SQRT(((Setup!$C$21/1000)/Setup!$C$11*SQRT(2*Setup!$C$8)*$F9)^2+(SQRT(2*Setup!$C$8*$D9)/Setup!$C$11*Setup!$C$13)^2))
B10: 7 | C10: =((I23-6.8)*2)/100 | D10: =IF($C10="","",Setup!$C$9*Setup!$C$10*$C10) | E10: =IF($D10="","",SQRT($D10)) | F10: =IF($C10="","",0.5*SQRT(Setup!$C$9*Setup!$C$10/$C10)*Setup!$C$12) | G10: =IF($D10="","",SQRT(2*$D10/Setup!$C$8)) | H10: =IF($F10="","",SQRT(2/Setup!$C$8)*$F10) | I10: =IF($G10="","",(14/15)*$G10) | J10: =IF($H10="","",(14/15)*$H10) | K10: 154 | L10: =IF($K10="","",4*($K10/60000)/(PI()*(Setup!$C$21/1000)^2)) | M10: =IF($K10="","",SQRT((4/(PI()*(Setup!$C$21/1000)^2)/60000*SQRT((Setup!$C$33*$K10)^2+(Setup!$C$34*Setup!$C$35)^2+(Setup!$C$36*$K10)^2))^2+(8*($K10/60000)/(PI()*(Setup!$C$21/1000)^3)*Setup!$C$13)^2)) | N10: =IF($D10="","",(Setup!$C$21/1000)*SQRT(2*Setup!$C$8*$D10)/Setup!$C$11) | O10: =IF($D10="","",SQRT(((Setup!$C$21/1000)/Setup!$C$11*SQRT(2*Setup!$C$8)*$F10)^2+(SQRT(2*Setup!$C$8*$D10)/Setup!$C$11*Setup!$C$13)^2))
B11: 8 | C11: =((I24-6.8)*2)/100 | D11: =IF($C11="","",Setup!$C$9*Setup!$C$10*$C11) | E11: =IF($D11="","",SQRT($D11)) | F11: =IF($C11="","",0.5*SQRT(Setup!$C$9*Setup!$C$10/$C11)*Setup!$C$12) | G11: =IF($D11="","",SQRT(2*$D11/Setup!$C$8)) | H11: =IF($F11="","",SQRT(2/Setup!$C$8)*$F11) | I11: =IF($G11="","",(14/15)*$G11) | J11: =IF($H11="","",(14/15)*$H11) | K11: 176 | L11: =IF($K11="","",4*($K11/60000)/(PI()*(Setup!$C$21/1000)^2)) | M11: =IF($K11="","",SQRT((4/(PI()*(Setup!$C$21/1000)^2)/60000*SQRT((Setup!$C$33*$K11)^2+(Setup!$C$34*Setup!$C$35)^2+(Setup!$C$36*$K11)^2))^2+(8*($K11/60000)/(PI()*(Setup!$C$21/1000)^3)*Setup!$C$13)^2)) | N11: =IF($D11="","",(Setup!$C$21/1000)*SQRT(2*Setup!$C$8*$D11)/Setup!$C$11) | O11: =IF($D11="","",SQRT(((Setup!$C$21/1000)/Setup!$C$11*SQRT(2*Setup!$C$8)*$F11)^2+(SQRT(2*Setup!$C$8*$D11)/Setup!$C$11*Setup!$C$13)^2))
B12: 9 | C12: =((I25-6.8)*2)/100 | D12: =IF($C12="","",Setup!$C$9*Setup!$C$10*$C12) | E12: =IF($D12="","",SQRT($D12)) | F12: =IF($C12="","",0.5*SQRT(Setup!$C$9*Setup!$C$10/$C12)*Setup!$C$12) | G12: =IF($D12="","",SQRT(2*$D12/Setup!$C$8)) | H12: =IF($F12="","",SQRT(2/Setup!$C$8)*$F12) | I12: =IF($G12="","",(14/15)*$G12) | J12: =IF($H12="","",(14/15)*$H12) | K12: 198 | L12: =IF($K12="","",4*($K12/60000)/(PI()*(Setup!$C$21/1000)^2)) | M12: =IF($K12="","",SQRT((4/(PI()*(Setup!$C$21/1000)^2)/60000*SQRT((Setup!$C$33*$K12)^2+(Setup!$C$34*Setup!$C$35)^2+(Setup!$C$36*$K12)^2))^2+(8*($K12/60000)/(PI()*(Setup!$C$21/1000)^3)*Setup!$C$13)^2)) | N12: =IF($D12="","",(Setup!$C$21/1000)*SQRT(2*Setup!$C$8*$D12)/Setup!$C$11) | O12: =IF($D12="","",SQRT(((Setup!$C$21/1000)/Setup!$C$11*SQRT(2*Setup!$C$8)*$F12)^2+(SQRT(2*Setup!$C$8*$D12)/Setup!$C$11*Setup!$C$13)^2))
B13: 10 | C13: =((I26-6.8)*2)/100 | D13: =IF($C13="","",Setup!$C$9*Setup!$C$10*$C13) | E13: =IF($D13="","",SQRT($D13)) | F13: =IF($C13="","",0.5*SQRT(Setup!$C$9*Setup!$C$10/$C13)*Setup!$C$12) | G13: =IF($D13="","",SQRT(2*$D13/Setup!$C$8)) | H13: =IF($F13="","",SQRT(2/Setup!$C$8)*$F13) | I13: =IF($G13="","",(14/15)*$G13) | J13: =IF($H13="","",(14/15)*$H13) | K13: 220 | L13: =IF($K13="","",4*($K13/60000)/(PI()*(Setup!$C$21/1000)^2)) | M13: =IF($K13="","",SQRT((4/(PI()*(Setup!$C$21/1000)^2)/60000*SQRT((Setup!$C$33*$K13)^2+(Setup!$C$34*Setup!$C$35)^2+(Setup!$C$36*$K13)^2))^2+(8*($K13/60000)/(PI()*(Setup!$C$21/1000)^3)*Setup!$C$13)^2)) | N13: =IF($D13="","",(Setup!$C$21/1000)*SQRT(2*Setup!$C$8*$D13)/Setup!$C$11) | O13: =IF($D13="","",SQRT(((Setup!$C$21/1000)/Setup!$C$11*SQRT(2*Setup!$C$8)*$F13)^2+(SQRT(2*Setup!$C$8*$D13)/Setup!$C$11*Setup!$C$13)^2))
B15: עמודה K: יש להזין את הספיקה הנמדדת מהרוטמטר [L/min] לאותה נקודה — מהירות הרוטמטר (L) ושגיאתה (M) מחושבות אוטומטית.
I16: Δh נמדד [cm]
H17: 22 | I17: 6.9
H18: 44 | I18: 7
H19: 66 | I19: 7.4
H20: 88 | I20: 7.8
H21: 110 | I21: 8.4
H22: 132 | I22: 9.1
H23: 154 | I23: 9.8
H24: 176 | I24: 10.7
H25: 198 | I25: 11.7
H26: 220 | I26: 12.6

Sheet Summary_QvQ
A1: ספיקה אמיתית מול אידאלית — שלושת המדידים (לגרף סעיף 4.ד, מקדם C = שיפוע)
B3: נק' | C3: Qideal ונטורי | D3: Qreal ונטורי | E3: נק' | F3: Qideal דיאפרגמה | G3: Qreal דיאפרגמה | H3: נק' | I3: Qideal נחיר | J3: Qreal נחיר
B4: 1 | C4: =IF(Venturi!$G4="","",Venturi!$G4) | D4: =IF(Venturi!$I4="","",Venturi!$I4) | E4: 1 | F4: =IF(Diaphragm!$G4="","",Diaphragm!$G4) | G4: =IF(Diaphragm!$I4="","",Diaphragm!$I4) | H4: 1 | I4: =IF(Nozzle!$G4="","",Nozzle!$G4) | J4: =IF(Nozzle!$I4="","",Nozzle!$I4)
B5: 2 | C5: =IF(Venturi!$G5="","",Venturi!$G5) | D5: =IF(Venturi!$I5="","",Venturi!$I5) | E5: 2 | F5: =IF(Diaphragm!$G5="","",Diaphragm!$G5) | G5: =IF(Diaphragm!$I5="","",Diaphragm!$I5) | H5: 2 | I5: =IF(Nozzle!$G5="","",Nozzle!$G5) | J5: =IF(Nozzle!$I5="","",Nozzle!$I5)
B6: 3 | C6: =IF(Venturi!$G6="","",Venturi!$G6) | D6: =IF(Venturi!$I6="","",Venturi!$I6) | E6: 3 | F6: =IF(Diaphragm!$G6="","",Diaphragm!$G6) | G6: =IF(Diaphragm!$I6="","",Diaphragm!$I6) | H6: 3 | I6: =IF(Nozzle!$G6="","",Nozzle!$G6) | J6: =IF(Nozzle!$I6="","",Nozzle!$I6)
B7: 4 | C7: =IF(Venturi!$G7="","",Venturi!$G7) | D7: =IF(Venturi!$I7="","",Venturi!$I7) | E7: 4 | F7: =IF(Diaphragm!$G7="","",Diaphragm!$G7) | G7: =IF(Diaphragm!$I7="","",Diaphragm!$I7) | H7: 4 | I7: =IF(Nozzle!$G7="","",Nozzle!$G7) | J7: =IF(Nozzle!$I7="","",Nozzle!$I7)
B8: 5 | C8: =IF(Venturi!$G8="","",Venturi!$G8) | D8: =IF(Venturi!$I8="","",Venturi!$I8) | E8: 5 | F8: =IF(Diaphragm!$G8="","",Diaphragm!$G8) | G8: =IF(Diaphragm!$I8="","",Diaphragm!$I8) | H8: 5 | I8: =IF(Nozzle!$G8="","",Nozzle!$G8) | J8: =IF(Nozzle!$I8="","",Nozzle!$I8)
B9: 6 | C9: =IF(Venturi!$G9="","",Venturi!$G9) | D9: =IF(Venturi!$I9="","",Venturi!$I9) | E9: 6 | F9: =IF(Diaphragm!$G9="","",Diaphragm!$G9) | G9: =IF(Diaphragm!$I9="","",Diaphragm!$I9) | H9: 6 | I9: =IF(Nozzle!$G9="","",Nozzle!$G9) | J9: =IF(Nozzle!$I9="","",Nozzle!$I9)
B10: 7 | C10: =IF(Venturi!$G10="","",Venturi!$G10) | D10: =IF(Venturi!$I10="","",Venturi!$I10) | E10: 7 | F10: =IF(Diaphragm!$G10="","",Diaphragm!$G10) | G10: =IF(Diaphragm!$I10="","",Diaphragm!$I10) | H10: 7 | I10: =IF(Nozzle!$G10="","",Nozzle!$G10) | J10: =IF(Nozzle!$I10="","",Nozzle!$I10)
B11: 8 | C11: =IF(Venturi!$G11="","",Venturi!$G11) | D11: =IF(Venturi!$I11="","",Venturi!$I11) | E11: 8 | F11: =IF(Diaphragm!$G11="","",Diaphragm!$G11) | G11: =IF(Diaphragm!$I11="","",Diaphragm!$I11) | H11: 8 | I11: =IF(Nozzle!$G11="","",Nozzle!$G11) | J11: =IF(Nozzle!$I11="","",Nozzle!$I11)
B12: 9 | C12: =IF(Venturi!$G12="","",Venturi!$G12) | D12: =IF(Venturi!$I12="","",Venturi!$I12) | E12: 9 | F12: =IF(Diaphragm!$G12="","",Diaphragm!$G12) | G12: =IF(Diaphragm!$I12="","",Diaphragm!$I12) | H12: 9 | I12: =IF(Nozzle!$G12="","",Nozzle!$G12) | J12: =IF(Nozzle!$I12="","",Nozzle!$I12)
B13: 10 | C13: =IF(Venturi!$G13="","",Venturi!$G13) | D13: =IF(Venturi!$I13="","",Venturi!$I13) | E13: 10 | F13: =IF(Diaphragm!$G13="","",Diaphragm!$G13) | G13: =IF(Diaphragm!$I13="","",Diaphragm!$I13) | H13: 10 | I13: =IF(Nozzle!$G13="","",Nozzle!$G13) | J13: =IF(Nozzle!$I13="","",Nozzle!$I13)
